id,user_id,name,location,longitude,latitude,location_district ,location_state,pincode,email id,Phone Number,trade,institution name,Role,normalised_role,test,Age,Expected Salary,Qualification,Org Name,Org id,latitude,longitude,Recommended Action,Applications,Shortlisted,Rejected,Profile Completion,Follow up for,Created_On,Profile Age,Last Applied Age,Status,Partial Fit,Direct Fit,Job Sector,Last Application Date
19aff8d7-c0bb-4151-b44d-52f17c3f0867,4a256f88-b196-4460-a305-f98e2858c6be,Parth,,,,,,,,919667910942,,,Cashier,,1,,,,,,,,Kaam Ki Baat,4,0,0,23%,"Update Location, Update Role",7/6/2026,8,0,Active,399,0,,7/14/2026
88d142b1-af15-4193-b526-3847ecc12423,8941abfa-2366-47bd-9cef-67ae98249eac,Parth Bansal,,,,,,,parthb7@gmail.com,919108790249,,,Customer Support Executive,,1,26,,,,,,,Kaam Ki Baat,6,0,0,38%,Update Location,12-Jul-2026,2,10,New,282,0,,7/4/2026
942f5eea-d3d3-4017-ac3a-ea2f9ce8140b,ac38b89f-1759-45d6-9f20-0daed78d3809,Khushi,,,,,,,khushboo@ekstepplus.org,919057206073,,,Cashier & Packer,,1,24,,,ListenAtScale,0580a107-15cf-4d70-8303-8c2fbbc70234fere,,,Kaam Ki Baat,20,0,0,38%,Update Location,7/13/2026,1,1,New,502,0,,7/13/2026
5f5697e7-efa8-460a-ad27-90fc393fdf83,8941abfa-2366-47bd-9cef-67ae98249eac,Parth Bansal,,,,,,,parthb7@gmail.com,919108790249,,,Data Entry Operator,,1,25,,,,,,,Kaam Ki Baat,6,0,0,38%,Update Location,12-Jul-2026,2,10,New,282,0,,7/4/2026
7afb73fa-5392-4b38-9d76-97d58b95fc54,ac38b89f-1759-45d6-9f20-0daed78d3809,,,,,,,,khushboo@ekstepplus.org,919057206073,,,Customer Support Executive,,1,24,20000,,ListenAtScale,0580a107-15cf-4d70-8303-8c2fbbc70234fere,,,Kaam Ki Baat,20,0,0,38%,Update Location,7/13/2026,1,1,New,502,0,,7/13/2026
240851a2-b4ba-402c-a8a9-c54b2bbe8a66,8941abfa-2366-47bd-9cef-67ae98249eac,Parth Bansal,,,,,,,parthb7@gmail.com,919108790249,,,Customer Support Executive,,1,26,,,,,,,Kaam Ki Baat,6,0,0,38%,Update Location,12-Jul-2026,2,10,New,282,0,,7/4/2026
e1a7bd31-40d2-4ba7-8d8a-852cec2d92c8,ac38b89f-1759-45d6-9f20-0daed78d3809,अज्ञात,,,,,,,khushboo@ekstepplus.org,919057206073,,,Any,,1,,,,ListenAtScale,0580a107-15cf-4d70-8303-8c2fbbc70234fere,,,Kaam Ki Baat,20,0,0,31%,"Update Location, Update Role",7/13/2026,1,1,New,502,0,,7/13/2026
7c20683e-ad8d-40d1-abe6-2799a06542e9,ac38b89f-1759-45d6-9f20-0daed78d3809,खुशबू,,,,,,,khushboo@ekstepplus.org,919057206073,,,Cashier,,1,,,,ListenAtScale,0580a107-15cf-4d70-8303-8c2fbbc70234fere,,,Kaam Ki Baat,20,0,0,31%,"Update Location, Update Role",7/4/2026,10,1,Active,502,0,,7/13/2026
6b512856-f44d-4027-b212-319689dc0457,ac38b89f-1759-45d6-9f20-0daed78d3809,खुशबू,,,,,,,khushboo@ekstepplus.org,919057206073,,आईटीआई,Cashier,,1,20,,,ListenAtScale,0580a107-15cf-4d70-8303-8c2fbbc70234fere,,,Kaam Ki Baat,20,0,0,46%,Update Location,7/4/2026,10,1,Active,502,0,,7/13/2026
e11ac64f-9d00-4ff3-ae21-8e4f07722d06,ac38b89f-1759-45d6-9f20-0daed78d3809,Khushi,,,,,,,khushboo@ekstepplus.org,919057206073,,,Any,,1,,,,ListenAtScale,0580a107-15cf-4d70-8303-8c2fbbc70234fere,,,Kaam Ki Baat,20,0,0,31%,"Update Location, Update Role",7/4/2026,10,1,Active,502,0,,7/13/2026
1ea157c6-76a0-4ae7-9f8d-de0b3f3cd5db,ac38b89f-1759-45d6-9f20-0daed78d3809,Khushi,,,,,,,khushboo@ekstepplus.org,919057206073,,,Customer Support Executive,,1,24,,,ListenAtScale,0580a107-15cf-4d70-8303-8c2fbbc70234fere,,,Kaam Ki Baat,20,0,0,38%,Update Location,7/7/2026,7,1,New,502,0,,7/13/2026
c3b4e3a4-359e-4b97-be10-86daf7c2044d,ac38b89f-1759-45d6-9f20-0daed78d3809,Khushi,,,,,,,khushboo@ekstepplus.org,919057206073,,,Any,,1,24,50000,,ListenAtScale,0580a107-15cf-4d70-8303-8c2fbbc70234fere,,,Kaam Ki Baat,20,0,0,46%,Update Location,7/8/2026,6,1,New,502,0,,7/13/2026
0ce65bd8-46c4-4680-b96f-37a76eafb954,ac38b89f-1759-45d6-9f20-0daed78d3809,खुशबू,,,,,,,khushboo@ekstepplus.org,919057206073,,,Team Member,,1,,,,ListenAtScale,0580a107-15cf-4d70-8303-8c2fbbc70234fere,,,Kaam Ki Baat,20,0,0,31%,"Update Location, Update Role",7/9/2026,5,1,New,502,0,,7/13/2026
f0644e3b-0125-4cd8-bd5c-2d317e98543d,ac38b89f-1759-45d6-9f20-0daed78d3809,खुशबू,,,,,,,khushboo@ekstepplus.org,919057206073,,,Crew Member,,1,24,,,ListenAtScale,0580a107-15cf-4d70-8303-8c2fbbc70234fere,,,Kaam Ki Baat,20,0,0,38%,Update Location,7/9/2026,5,1,New,502,0,,7/13/2026
e2ce5842-ac26-4678-8311-e27795b26720,ac38b89f-1759-45d6-9f20-0daed78d3809,उपयोगकर्ता,,,,,,,khushboo@ekstepplus.org,919057206073,,,Any,,1,,,,ListenAtScale,0580a107-15cf-4d70-8303-8c2fbbc70234fere,,,Kaam Ki Baat,20,0,0,31%,"Update Location, Update Role",7/13/2026,1,1,New,502,0,,7/13/2026
ebc6335e-34f7-473d-8a4f-ee11babf0633,ac38b89f-1759-45d6-9f20-0daed78d3809,अज्ञात,,,,,,,khushboo@ekstepplus.org,919057206073,,,Any,,1,,,,ListenAtScale,0580a107-15cf-4d70-8303-8c2fbbc70234fere,,,Kaam Ki Baat,20,0,0,31%,"Update Location, Update Role",7/14/2026,0,1,New,502,0,,7/13/2026
d9a1aa5a-a64f-40fb-ad55-4bad9f5ebcf3,ac38b89f-1759-45d6-9f20-0daed78d3809,अज्ञात,,,,,,,khushboo@ekstepplus.org,919057206073,,,Any,,1,24,,,ListenAtScale,0580a107-15cf-4d70-8303-8c2fbbc70234fere,,,Kaam Ki Baat,20,0,0,38%,Update Location,7/14/2026,0,1,New,502,0,,7/13/2026
2d4cc34a-16cb-439a-afb0-200569ef4e53,ac38b89f-1759-45d6-9f20-0daed78d3809,Khushboo Japani,"New Delhi, Delhi",,,,,,khushboo@ekstepplus.org,919057206073,,,Any,,1,24,,,ListenAtScale,0580a107-15cf-4d70-8303-8c2fbbc70234fere,,,Kaam Ki Baat,20,0,0,46%,Update Location,6/3/2026,41,1,Active,502,0,,7/13/2026
b8907f08-3492-4095-9cb3-33573dbdafad,ac38b89f-1759-45d6-9f20-0daed78d3809,Khushboo Japani,"Delhi, Delhi",,,,,,khushboo@ekstepplus.org,919057206073,,,Product Manager,,1,25,,,ListenAtScale,0580a107-15cf-4d70-8303-8c2fbbc70234fere,,,Kaam Ki Baat,20,0,0,46%,Update Location,5/20/2026,55,1,Active,502,0,,7/13/2026
f8921e0f-e533-40b4-abf2-aa47e9b68b47,e2afa2a5-5ebf-496d-b1a2-54f2cb5aa85c,dolly,"Ghaziabad, Uttar Pradesh",,,,,,online78783@gmail.com,919057206073,,,Any,,1,85,,,,,,,Kaam Ki Baat,20,0,0,46%,Update Location,6/6/2026,38,1,Active,63,0,,7/13/2026
d03ba7a5-65df-449f-8422-aec2024d965f,8941abfa-2366-47bd-9cef-67ae98249eac,Parth Bansal,,,,,,,parthb7@gmail.com,919108790249,,,Customer Support Executive,,1,,,,,,,,Kaam Ki Baat,6,0,0,31%,"Update Location, Update Role",7/12/2026,2,10,New,282,0,,7/4/2026
841ad73c-c707-44fe-a292-fe4c6764c941,7372e294-3562-47bf-957e-809bf1a19776,Sajidali Pathan,"Ghaziabad, Uttar Pradesh",,,,,,sajidali.pathan@trrain.org,917799806665,,,In Store Promoter,,1,26,15000,,TRRAIN,05564c83-1cc2-4275-8eeb-1231ba1ecb88,,,Kaam Ki Baat,5,0,0,54%,Update Location,4-Feb-2026,160,5,Active,124,0,,7/9/2026
4ce9545a-5797-470c-9cb7-9e46defec97b,7372e294-3562-47bf-957e-809bf1a19776,साजिद अली पठान,,,,,,,sajidali.pathan@trrain.org,917799806665,,,Crew Member,,1,,,,TRRAIN,05564c83-1cc2-4275-8eeb-1231ba1ecb88,,,Kaam Ki Baat,5,0,0,31%,"Update Location, Update Role",7/4/2026,10,5,Active,124,0,,7/9/2026
e47ccad4-bf70-44ca-b194-ced9a9893e79,7372e294-3562-47bf-957e-809bf1a19776,साजिद अली पठान,,,,,,,sajidali.pathan@trrain.org,917799806665,,,Customer Service Executive,,1,,,,TRRAIN,05564c83-1cc2-4275-8eeb-1231ba1ecb88,,,Kaam Ki Baat,5,0,0,31%,"Update Location, Update Role",7/4/2026,10,5,Active,124,0,,7/9/2026
a94d4f35-d07f-45fa-86b8-74af09fd707e,7372e294-3562-47bf-957e-809bf1a19776,सांची द्ंडी पठान,,,,,,,sajidali.pathan@trrain.org,917799806665,,,Any,,1,,,,TRRAIN,05564c83-1cc2-4275-8eeb-1231ba1ecb88,,,Kaam Ki Baat,5,0,0,31%,"Update Location, Update Role",7/4/2026,10,5,Active,124,0,,7/9/2026
aceb1615-363b-466b-aa1a-481089389c04,7372e294-3562-47bf-957e-809bf1a19776,फाजी अली पठान,,,,,,,sajidali.pathan@trrain.org,917799806665,,,Sales Representative,,1,22,18000,,TRRAIN,05564c83-1cc2-4275-8eeb-1231ba1ecb88,,,Kaam Ki Baat,5,0,0,46%,Update Location,7/9/2026,5,5,New,124,0,,7/9/2026
07697a27-3470-4a78-84d0-73ddbc61f8c5,7372e294-3562-47bf-957e-809bf1a19776,साझी दिल्ली पठान,,,,,,,sajidali.pathan@trrain.org,917799806665,,,Sales Representative,,1,,,,TRRAIN,05564c83-1cc2-4275-8eeb-1231ba1ecb88,,,Kaam Ki Baat,5,0,0,31%,"Update Location, Update Role",7/9/2026,5,5,New,124,0,,7/9/2026
d33b45a9-4c7b-4310-9718-e78923677c54,00ec4ba2-94a3-4be6-9467-988988b82093,आर्यन,,,,,,,aryanshivalkar32@gmail.com,918850601733,,,Team Member,,1,25,,,TRRAIN,05564c83-1cc2-4275-8eeb-1231ba1ecb88,,,Kaam Ki Baat,9,0,0,38%,Update Location,7/4/2026,10,7,Active,74,0,,7/7/2026
e4a98ed9-0c4a-4642-a603-eaca66e5782f,00ec4ba2-94a3-4be6-9467-988988b82093,आर्यन,,,,,,,aryanshivalkar32@gmail.com,918850601733,,,Cashier,,1,,,,TRRAIN,05564c83-1cc2-4275-8eeb-1231ba1ecb88,,,Kaam Ki Baat,9,0,0,31%,"Update Location, Update Role",7/6/2026,8,7,Active,74,0,,7/7/2026
462c302d-d21f-4863-a369-afc8047df4ae,00ec4ba2-94a3-4be6-9467-988988b82093,अज्ञात,,,,,,,aryanshivalkar32@gmail.com,918850601733,,,Electrician,,1,25,,,TRRAIN,05564c83-1cc2-4275-8eeb-1231ba1ecb88,,,Kaam Ki Baat,9,0,0,38%,Update Location,7/14/2026,0,7,New,74,0,,7/7/2026
36085f20-dad7-4af2-9b63-4333123fc07a,00ec4ba2-94a3-4be6-9467-988988b82093,Unnamed Profile,"Ghaziabad, Ghaziabad",,,,,,aryanshivalkar32@gmail.com,918850601733,,,Fitter,,1,,,,TRRAIN,05564c83-1cc2-4275-8eeb-1231ba1ecb88,,,Kaam Ki Baat,9,0,0,38%,"Update Location, Update Role",5/21/2026,54,7,Active,74,0,,7/7/2026
99e944a6-5f5b-43b5-842e-3b0e53d00b36,00ec4ba2-94a3-4be6-9467-988988b82093,हज,,,,,,,aryanshivalkar32@gmail.com,918850601733,,,Crew Member,,1,,,,TRRAIN,05564c83-1cc2-4275-8eeb-1231ba1ecb88,,,Kaam Ki Baat,9,0,0,31%,"Update Location, Update Role",7/4/2026,10,7,Active,74,0,,7/7/2026
d5f61490-7c22-4dae-9cc7-ee5caa90d5e4,00ec4ba2-94a3-4be6-9467-988988b82093,आरियान,,,,,,,aryanshivalkar32@gmail.com,918850601733,,,Sales Representative,,1,,,,TRRAIN,05564c83-1cc2-4275-8eeb-1231ba1ecb88,,,Kaam Ki Baat,9,0,0,31%,"Update Location, Update Role",7/4/2026,10,7,Active,74,0,,7/7/2026
74552674-992e-4470-a790-796e8230b41b,8941abfa-2366-47bd-9cef-67ae98249eac,Parth Bansal,,,,,,,parthb7@gmail.com,919108790249,,,Any,,1,22,,,,,,,Kaam Ki Baat,6,0,0,38%,Update Location,7/12/2026,2,10,New,282,0,,7/4/2026
e233e6e5-b4cb-4b31-bc17-85d8b37e6c74,8941abfa-2366-47bd-9cef-67ae98249eac,पार्थ,,,,,,,parthb7@gmail.com,919108790249,,,Sales,,1,,20000,,,,,,Kaam Ki Baat,6,0,0,38%,"Update Location, Update Role",7/4/2026,10,10,Active,282,0,,7/4/2026
4599fe31-a6ee-48e2-af98-cd2cde6cabf1,8941abfa-2366-47bd-9cef-67ae98249eac,ीग,,,,,,,parthb7@gmail.com,919108790249,,,Tele Salesperson,,1,,15000,,,,,,Kaam Ki Baat,6,0,0,38%,"Update Location, Update Role",7/4/2026,10,10,Active,282,0,,7/4/2026
8506ae65-d723-4cb7-b9ee-aa3d75830444,8941abfa-2366-47bd-9cef-67ae98249eac,Parth,,,,,,,parthb7@gmail.com,919108790249,,,Any,,1,35,,,,,,,Kaam Ki Baat,6,0,0,38%,Update Location,7/8/2026,6,10,New,282,0,,7/4/2026
fe83e83f-2c49-491d-8f53-f41c508e949e,8941abfa-2366-47bd-9cef-67ae98249eac,Parth Bansal,"Ghaziabad, Uttar Pradesh",,,,,,parthb7@gmail.com,919108790249,,Fine Arts Photography Training Institute - Agra,Electrician,,1,26,20000,Graduate,,,,,Kaam Ki Baat,6,0,0,69%,Update Location,3/21/2026,115,10,Active,282,0,,7/4/2026
be348349-a9da-43d1-924c-4be15153b6dd,b4bc2ea2-ee25-4ff9-993f-52de8984d135,Parth,,,,,,,parth.shah@ekstepplus.org,917862879115,,,Supervisor,,1,26,,,,,,,Kaam Ki Baat,8,0,0,38%,Update Location,7/13/2026,1,1,New,55,0,,7/13/2026
42af63e0-3700-47e3-96e9-690a444b736c,b4bc2ea2-ee25-4ff9-993f-52de8984d135,Parth,,,,,,,parth.shah@ekstepplus.org,917862879115,,,Tele Marketing Female,,1,27,,,,,,,Kaam Ki Baat,8,0,0,38%,Update Location,7/13/2026,1,1,New,55,0,,7/13/2026
0c18d4b1-e584-48c7-8227-3173a5fc7b77,b4bc2ea2-ee25-4ff9-993f-52de8984d135,Parth,,,,,,,parth.shah@ekstepplus.org,917862879115,,,Sales Representative,,1,16,,,,,,,Kaam Ki Baat,8,0,0,38%,Update Location,7/13/2026,1,1,New,55,0,,7/13/2026
f26ee6e2-b0d0-49ee-8c85-08ed7c81814f,b4bc2ea2-ee25-4ff9-993f-52de8984d135,Parth Shah,"Ghaziabad, Uttar Pradesh",,,,,,parth.shah@ekstepplus.org,917862879115,,,Electrician,,1,23,12000,ITI,,,,,Kaam Ki Baat,8,0,0,62%,Update Location,6/16/2026,28,1,Active,55,0,,7/13/2026
8e8ae47a-c1a0-45f6-9e30-11710dee100f,01e1cb70-619c-4f21-814e-3dc587ca03d4,Sreepriya Sreekumar,"Nandori, Maharashtra",,,,,,sreepriya@dhiway.com,919596711885,,,Any,,1,36,,,,,,,Kaam Ki Baat,7,1,1,46%,Update Location,6/2/2026,42,28,Active,189,0,,6/16/2026
9d3631e0-1cbb-437c-9a63-3a1a51920c1a,01e1cb70-619c-4f21-814e-3dc587ca03d4,Sreepriya Sreekumar,"Secunderabad, Telangana",,,,,,sreepriya@dhiway.com,919596711885,,,Any,,1,36,,,,,,,Kaam Ki Baat,7,1,1,46%,Update Location,6/16/2026,28,28,Active,189,0,,6/16/2026
86be857b-6c52-468c-a776-dbd3e01005e1,f9dd13a2-d68c-4594-9a6f-ae4e08515d22,Sreepriya Sreekumar-new1,"Hyderabad, Telangana",,,,,,sreepriya+test127@dhiway.com,919596711885,,,Any,,1,39,,,,,,,Kaam Ki Baat,7,1,1,46%,Update Location,6/16/2026,28,28,Active,63,0,,6/16/2026
eca4772f-7c7b-4b65-bc4c-e75942ff4f07,5b9da90a-d9ba-403f-be11-e8efcc83495b,Pratibha,"Ghaziabad, Uttar Pradesh",,,,,,Prabha441109@gmail.com,995333,,,Industrial Tailor,,1,39,,,,,,,Kaam Ki Baat,8,0,0,46%,Update Location,2/18/2026,146,146,Inactive,0,0,,2/18/2026
efa6f7c4-0be0-4fdf-bfee-4207b096aad7,4e6c1c83-615e-4954-971c-0bb87ae85f0f,Vasu choudhary,"मोदीनगर, उत्तर प्रदेश",,,,,,vasuchoudhary827@gmail.com,9198897318605,,,Field Sales Executive,,1,18,,,,,,,Kaam Ki Baat,2,0,0,46%,Update Location,26-Dec-2025,200,198,Inactive,0,0,,12/28/2025
2165dbf8-4eb5-43cf-9ea2-17b92a764df5,4e6c1c83-615e-4954-971c-0bb87ae85f0f,Vasu choudhary,"मोदीनगर, उत्तर प्रदेश",,,,,,vasuchoudhary827@gmail.com,9198897318605,,,Industrial Tailor,,1,18,,,,,,,Kaam Ki Baat,2,0,0,46%,Update Location,28-Dec-2025,198,198,Inactive,0,0,,12/28/2025
6772e6a4-65e0-407f-835a-e96f43f1d924,48944371-8d06-40cf-accf-21f2ecc086ca,Minor up,"Secunderabad, Telangana",,,,,,sreepriya+test1@dhiway.com,98398975873895,,,Lathe Operator,,1,17,,10th Pass|12th Pass,Ghaziabad,10783397-fe65-413a-90a0-d5c9e5273668,,,Kaam Ki Baat,0,0,0,54%,Update Location,10-Dec-2025,216,,Inactive,29,0,,
abce2113-c2e0-47c3-9417-3fd052234613,48944371-8d06-40cf-accf-21f2ecc086ca,Minor up - fitter,"Secunderabad, Telangana",,,,,,sreepriya+test1@dhiway.com,8778879879798,Aeronautical Structure and Equipment Fitter (NSQF),,Fitter,,1,17,,12th Pass,Ghaziabad,10783397-fe65-413a-90a0-d5c9e5273668,,,Kaam Ki Baat,0,0,0,62%,Update Location,12-Dec-2025,214,,Inactive,29,0,,
0abe7f8f-703b-488f-b4e4-9548bd5ad639,592189ec-7eec-4e1c-90d1-2a4afcd7b708,Parth 1,,,,,,,,919927194271,,,Sales Executive,,1,,,,,,,,Kaam Ki Baat,0,0,0,23%,"Update Location, Update Role",22-Jun-2026,22,,Inactive,38,0,,
bffc6da5-c2ca-4cda-aff6-407a93767f0c,01e1cb70-619c-4f21-814e-3dc587ca03d4,Sreepriya Sreekumar - any-17 june- testing purpose,"Secunderabad, Telangana",,,,,,sreepriya@dhiway.com,433333322222,,,Any,,1,36,,,,,,,Kaam Ki Baat,0,0,0,46%,Update Location,6/17/2026,27,,Inactive,189,0,,